job_id,x,y,cluster
job_0000,-0.7509214832488031,-0.41550644997495917,3
job_0001,-1.1644288513473469,-0.2437445911727958,0
job_0002,0.0714404036070464,1.569356641786925,2
job_0003,0.678349073559481,-0.7313697621114488,1
job_0004,-0.5997990856861949,-0.2568039254601867,3
job_0005,-1.1900594871788408,-0.2618701678307799,0
job_0006,-0.13170586884531071,0.7266948924666934,2
job_0007,1.0917713334503871,-0.5262354144188233,1
job_0008,-0.7346904258409284,-0.3696475682843751,3
job_0009,-0.9484567565234703,-0.1856510760842054,0
job_0010,0.22849193838497184,1.0626969067262195,2
job_0011,0.9887617359489513,-0.9037136651656112,1
job_0012,-0.6074255304384362,-0.28764925429444277,3
job_0013,-1.2632597720659018,-0.19568406044750591,0
job_0014,0.3895071438501816,1.3811891701718013,2
job_0015,1.3673151205183924,-0.718499332374043,1
job_0016,-0.43821839408100094,-0.17262609443721527,3
job_0017,-1.0410201146176654,-0.13518457858025712,0
job_0018,0.2937367782307414,1.7231092212226906,2
job_0019,1.0751013296080976,-0.4967733945711289,1
job_0020,-0.6304082218175766,-0.19907702117378673,3
job_0021,-1.1799284065704252,-0.2754435079234552,0
job_0022,0.4018214540687541,1.8363003558882538,2
job_0023,1.3680466227031889,-0.7043393674341183,1
job_0024,-0.2434347723467195,-0.5163268214306128,3
job_0025,-0.9375090362367764,0.2504357044893329,0
job_0026,0.7466029593744534,1.1358262391412997,2
job_0027,1.3153401021968558,-1.0986831715664696,1
job_0028,-0.8058660814543037,-0.33113904779270886,3
job_0029,-1.2469652510748375,-0.2067320015857746,0
job_0030,0.4465339065532717,1.7890096941465752,2
job_0031,1.6795009165792405,-0.9494218692950618,1
job_0032,-0.5242881746022883,-0.5469661296249817,3
job_0033,-0.37202146770092287,-0.39359172215199356,3
job_0034,0.4437466108913121,1.843377991407969,2
job_0035,1.3778216839780335,-0.7504867511761442,1
job_0036,-0.39875944460148005,-0.6483255089625468,3
job_0037,-0.9646878139313451,-0.2315099577747895,0
job_0038,0.3516584344565551,1.3687189186297863,2
job_0039,1.6863958591466854,-0.9327365054007304,1
job_0040,-0.9480450878623277,-0.42941350466861694,3
job_0041,-0.6781434654134687,0.26431563578654454,0
job_0042,0.8415171329037061,1.4970180124418782,2
job_0043,1.0136608695956488,-0.8997480534475519,1
job_0044,-0.8393684882712715,-0.338916128487413,3
job_0045,-1.202801571458074,-0.29588462265343896,0
job_0046,0.43616266388355956,1.3548390395906795,2
job_0047,1.6742025477352063,-0.9248890008974038,1
job_0048,-0.41709155629802563,-0.6500559458928328,3
job_0049,-0.9737443121986542,-0.22447286892310686,0
job_0050,-0.27736513263936635,1.1465153838946867,2
job_0051,1.0666498863023433,-0.5456339156666891,1
job_0052,-0.7824627243752749,-0.39405429473241826,3
job_0053,-1.0175158765330456,-0.14711695927985083,0
job_0054,0.21558424515461583,1.009755411109959,2
job_0055,1.0836372080456678,-0.48342288964882263,1
job_0056,-0.9160384576130284,-0.4885172826316816,3
job_0057,-0.9412187337997154,-0.18966192837079143,0
job_0058,-0.003102801502210484,1.1917243113257783,2
job_0059,1.3929457563498864,-0.700373755716059,1
job_0060,-0.9066388791894092,-0.5162505876642816,3
job_0061,-1.2632597720659018,-0.19568406044750591,0
job_0062,0.31400653349060514,1.451621985059398,2
job_0063,1.3778216839780335,-0.7504867511761442,1
job_0064,-0.5790740950128896,-0.24540003024715637,3
job_0065,-1.2754530834773805,-0.18783655594417936,0
job_0066,0.4295840199869748,1.3233499837224272,2
job_0067,0.9594195256200795,-0.8878331563027817,1
job_0068,-0.6450677405720928,-0.6740065667155071,3
job_0069,-1.0011843437455408,-0.20622115031550797,0
job_0070,0.4528800762529624,1.7638330987149209,2
job_0071,1.3625749638426259,-0.7400825370718718,1
job_0072,-0.6162601820415018,-0.25194938753053575,3
job_0073,-1.1969544297462857,-0.2785555317251112,0
job_0074,0.38135967666587767,1.3681067867477965,2
job_0075,1.5514034538793846,-1.0220767478770223,1
job_0076,-0.9736757236938216,-0.44753908132660103,3
job_0077,-1.0297091879445244,-0.13926945477652425,0
job_0078,0.6295404558796255,1.2158090136000603,2
job_0079,1.40358164666001,-0.7387438726304163,1
job_0080,-0.5106839885928821,-0.34633830978048297,3
job_0081,-1.2538601936422824,-0.22341736548010593,0
job_0082,0.627385669987947,1.2207068544035575,2
job_0083,1.7120264949781794,-0.9146109287427462,1
job_0084,-0.9218855993248168,-0.5058463735600093,3
job_0085,-1.0472876772420252,-0.13759054535891552,0
job_0086,0.49204776213167545,1.7732262723066354,2
job_0087,1.0694598617765176,-1.193260048503027,1
job_0088,-0.743267681659904,0.06786631901042905,3
job_0089,-1.0000418117092904,-0.6094731674552487,0
job_0090,0.10396598200598517,1.6041675823392403,2
job_0091,1.687127361331482,-0.9185765404608057,1
job_0092,-0.5567136737048912,-0.49709172231798293,3
job_0093,-0.6099925120215364,-0.43257365205410775,0
job_0094,0.7398249764446503,1.1061360945066878,2
job_0095,1.7120264949781794,-0.9146109287427462,1
job_0096,-0.6309795859640306,-0.2812976806957612,3
job_0097,-1.246233748890041,-0.19257203664584988,0
job_0098,0.6670162035742355,0.7290241323948954,2
job_0099,1.2819215242198525,-0.6444657204874424,1
job_0100,-0.5170174852661985,-0.7268025781424676,3
job_0101,-1.1481343303562828,-0.25479253231106447,0
job_0102,0.3808777690438947,1.3639834379281157,2
job_0103,1.282814523797917,-1.133494112118785,1
job_0104,-0.8817397455427117,-0.5122849759462222,3
job_0105,-0.7344786315745574,-0.16086136325420197,0
job_0106,0.4528800762529624,1.7638330987149209,2
job_0107,0.6403387869917865,-0.6735959832760944,1
job_0108,-0.7482288153735106,-0.3721172490977894,3
job_0109,-1.0175158765330456,-0.14711695927985083,0
job_0110,0.02142958227849459,1.6411801719262615,2
job_0111,0.6891149232157432,-0.7164917200097152,1
job_0112,-0.39771164374582346,-0.6489692359965433,3
job_0113,-0.9661178674464128,-0.19362754008885075,0
job_0114,0.005135061287430465,1.6522281130645302,2
job_0115,1.3776988082365014,-0.739341723014985,1
job_0116,-1.0021635560963649,-0.42864363568500574,3
job_0117,-0.973355890170168,-0.18961668780226476,0
job_0118,0.49204776213167545,1.7732262723066354,2
job_0119,1.079455146297376,-0.5072428817543376,1
job_0120,-0.9389116225006774,-0.5089583973616654,3
job_0121,-0.46383560239500365,-0.10832865036848754,0
job_0122,0.5006523747873088,1.7882398251629639,2
job_0123,1.3796009870184864,-0.7369705132702158,1
job_0124,-0.8748448029752668,-0.4955996120518909,3
job_0125,-0.8626267430046077,-0.4538247374528725,0
job_0126,0.29418273815743307,0.9526606897684089,2
job_0127,1.0751013296080976,-0.4967733945711289,1
job_0128,-0.9282317690245075,-0.480669778128355,3
job_0129,-0.9799345340667527,-0.22110574367051722,0
job_0130,0.46355992972913224,1.7921217179482307,2
job_0131,1.7214260734017985,-0.9423442337753463,1
job_0132,-0.9511049339121564,-0.5011108928583388,3
job_0133,-0.9664572543488372,-0.21958421645318385,0
job_0134,-0.2691789640225264,1.1004987651024811,2
job_0135,1.3718516665247131,-0.7566708139433127,1
job_0136,-0.9480450878623277,-0.42941350466861694,3
job_0137,-0.9889910323340618,-0.21406865481883458,0
job_0138,0.27193450243031314,1.742784747796965,2
job_0139,0.3197070645880382,-0.41562732486977016,1
job_0140,-0.2616904590282796,-0.5345081162295893,3
job_0141,-0.9507938065547441,-0.198258662161875,0
job_0142,0.3018132220791261,1.4594694895627247,2
job_0143,1.3725233151339993,-0.7259538827784862,1
job_0144,-0.7555819918784764,-0.3872448667060232,3
job_0145,-0.7149061724020933,-0.12923647041322373,0
job_0146,0.4465339065532717,1.7890096941465752,2
job_0147,0.9916485337432788,-0.9124119013498673,1
job_0148,-0.7482288153735106,-0.3721172490977894,3
job_0149,-0.38615132127693375,-0.41086448468168085,0
job_0150,0.02142958227849459,1.6411801719262615,2
job_0151,0.9880302337641549,-0.9178736301055359,1
job_0152,-0.5502745658499337,-0.7757734836347077,3
job_0153,-1.1550292729237277,-0.2714778962053958,0
job_0154,0.8321175544800867,1.5247513174744782,2
job_0155,1.7120264949781794,-0.9146109287427462,1
job_0156,-0.5699661751625487,-0.2653821857850411,3
job_0157,-1.2122011498816934,-0.26815131762083894,0
job_0158,0.2947972807045878,0.9798254354486142,2
job_0159,1.2165091814783011,-1.0506226408411796,1
job_0160,-0.7346904258409284,-0.3696475682843751,3
job_0161,-0.9318191553760962,-0.21739523340339145,0
job_0162,0.46812679638837,1.7534288846106485,2
job_0163,1.2328037024693652,-1.0616705819794483,1
job_0164,-0.8287822767655373,-0.32105875932274924,3
job_0165,-0.8015437817091691,-0.08902344419126043,0
job_0166,0.3516584344565551,1.3687189186297863,2
job_0167,0.9657656953197702,-0.913009751734436,1
job_0168,-0.3117012803568314,-0.46268458609025254,3
job_0169,-0.9737443121986542,-0.22447286892310686,0
job_0170,0.3069459819720375,1.416009580371465,2
job_0171,1.4104765892274547,-0.7220585087360849,1
job_0172,-0.7603210616724223,-0.38777314494235915,3
job_0173,-0.7109743934899374,-0.17279374395379568,0
job_0174,0.15249388134059955,0.6330337426201607,2
job_0175,1.680548717434897,-0.9500655963290581,1
job_0176,-0.9899702446848857,-0.43649114018833235,3
job_0177,-1.202801571458074,-0.29588462265343896,0
job_0178,0.758917269593026,1.5909374248577521,2
job_0179,1.3144031394527451,-0.6763135160827947,1
job_0180,-0.7677753032899556,-0.3793973622026966,3
job_0181,-1.2243944612931723,-0.2603038131175124,0
job_0182,0.2673572491577011,0.9980771540562132,2
job_0183,0.7440798866780189,-0.2819577675893817,1
job_0184,-0.754075957085299,-0.3894463400261171,3
job_0185,-0.5872197761217127,-0.45866599769362615,0
job_0186,0.3704188898712577,1.3723513107807965,2
job_0187,1.3656283725665546,-0.7426392466728176,1
job_0188,-0.9358582137767487,-0.5115151069626112,3
job_0189,-0.7803355673092713,-0.12438172523334545,0
job_0190,0.06559326189525805,1.5520275508585972,2
job_0191,1.706179353266391,-0.9319400196710741,1
job_0192,-0.5818158069764054,-0.7543213283921668,3
job_0193,-0.9786505657603162,-0.21173671194985727,0
job_0194,0.4884590633758297,1.79608732966629,2
job_0195,0.8641241548723112,-1.0108072633156537,1
job_0196,-0.5748999520394974,-0.25283831374212734,3
job_0197,-1.246233748890041,-0.19257203664584988,0
job_0198,0.7390934742598538,1.091976129566763,2
job_0199,1.3807524449384072,-0.6925262512127324,1
job_0200,-0.5870408474541622,-0.25668486823220626,3
job_0201,-0.9582593468570968,0.2653711392295454,0
job_0202,0.4181159750598182,1.8252524147499847,2
job_0203,1.2775161549538827,-1.108961243721127,1
job_0204,-0.7427095942790153,-0.3692383472760195,3
job_0205,-1.1969544297462857,-0.2785555317251112,0
job_0206,0.48515281956423056,1.7565409084123045,2
job_0207,1.427373285552833,-0.7125637868221726,1
job_0208,-0.6276209261556172,-0.2534453184351808,3
job_0209,-1.1900594871788408,-0.2618701678307799,0
job_0210,0.758917269593026,1.5909374248577521,2
job_0211,1.6551207310821827,-0.859472762497741,1
job_0212,-0.6486856811441049,-0.202074980223537,3
job_0213,-0.6328656769091853,-0.4530147667840915,0
job_0214,0.37501350696618696,1.3932833821794508,2
job_0215,1.6225951526832438,-0.8942837030500563,1
job_0216,-0.9452577922003682,-0.4837818019300111,3
job_0217,-0.9868294766341976,-0.23779110756484856,0
job_0218,0.8577481903115807,1.5428768941324622,2
job_0219,1.706179353266391,-0.9319400196710741,1
job_0220,-0.9236649023652698,-0.5193626114659377,3
job_0221,-0.37124768129783625,-0.40057248260503575,0
job_0222,-0.043176566448284825,1.1721622634151363,2
job_0223,1.6863958591466854,-0.9327365054007304,1
job_0224,-0.9899702446848857,-0.43649114018833235,3
job_0225,-1.1951751267058326,-0.2650392938191829,0
job_0226,0.4437466108913121,1.843377991407969,2
job_0227,1.3853252529887428,-0.708496394180729,1
job_0228,-0.84154051499757,-0.32117781655072963,3
job_0229,-0.5286376173590966,-0.08919450807293627,0
job_0230,0.33498800528830386,0.9863827026189758,2
job_0231,1.299109044788981,-1.1445420532570536,1
job_0232,-0.7774481499608502,-0.3673817683961189,3
job_0233,-1.2632597720659018,-0.19568406044750591,0
job_0234,-0.06638533829965432,1.256501801097406,2
job_0235,1.0858013159970668,-0.532419477185992,1
job_0236,-0.7746702458574003,-0.396082726097028,3
job_0237,-0.9327896154754914,-0.210978414338147,0
job_0238,0.022161084463291014,1.6553401368661864,2
job_0239,1.6642541964438329,-0.9390176551907894,1
job_0240,-0.4112444145862373,-0.6327268549645049,3
job_0241,-1.1730334640029803,-0.2587581440291238,0
job_0242,-0.17525500591491944,0.8430122592145632,2
job_0243,1.1402566993190588,-0.7729994567288079,1
job_0244,-0.9167699597978248,-0.5026772475716063,3
job_0245,-0.6097535541069374,-0.4531504360592769,0
job_0246,0.31167789826296743,1.6385247819814015,2
job_0247,1.0184481728217942,-0.4489042788743903,1
job_0248,-0.8335213465594831,-0.32158703755908524,3
job_0249,-0.9747147722980494,-0.21805604985786242,0
job_0250,0.5006523747873088,1.7882398251629639,2
job_0251,1.419081201883088,-0.7070449558797569,1
job_0252,-1.0021635560963649,-0.42864363568500574,3
job_0253,-0.7577722173747777,-0.16637935383451646,0
job_0254,0.8740427113026448,1.5318289529941935,2
job_0255,1.202541081536289,-0.10077068071823514,1
job_0256,-0.635640094593704,-0.2530360974268252,3
job_0257,-0.7640410463182072,-0.13542966637161413,0
job_0258,0.4181159750598182,1.8252524147499847,2
job_0259,1.0695067950060027,-0.5213715360477233,1
job_0260,-0.7805335415219882,-0.379516419430677,3
job_0261,-1.1969544297462857,-0.2785555317251112,0
job_0262,0.4245373581052948,1.3715814417971854,2
job_0263,1.3776988082365014,-0.739341723014985,1
job_0264,-0.7346904258409284,-0.3696475682843751,3
job_0265,-1.2632597720659018,-0.19568406044750591,0
job_0266,0.06687353694780862,1.6080494751245076,2
job_0267,1.305546324205097,-0.6737993426657074,1
job_0268,-0.7752351726779539,-0.40404928782833494,3
job_0269,-0.6839242990933936,-0.38054750961075856,0
job_0270,0.02142958227849459,1.6411801719262615,2
job_0271,1.364962733649051,-0.7062750868961456,1
job_0272,-0.9073703813742057,-0.5304105526042062,3
job_0273,-1.0175158765330456,-0.14711695927985083,0
job_0274,0.510051953210928,1.7605065201303638,2
job_0275,1.3502587766896148,-0.7210900044073861,1
job_0276,-0.7482288153735106,-0.3721172490977894,3
job_0277,-0.8146779812707744,-0.11124118758951118,0
job_0278,0.46990609942882294,1.7669451225165764,2
job_0279,0.9887617359489513,-0.9037136651656112,1
job_0280,-0.45981128391609927,-0.13704528490128867,3
job_0281,-0.9963076621331477,-0.18247524032193585,0
job_0282,0.6603982185763297,1.2053962051988019,2
job_0283,1.4064305151876701,-0.30642350659796047,1
job_0284,-0.9480450878623277,-0.42941350466861694,3
job_0285,-0.9736669714423929,-0.21869977689185882,0
job_0286,0.4018214540687541,1.8363003558882538,2
job_0287,1.245752338549075,-0.8263238912354189,1
job_0288,-0.5790740950128896,-0.24540003024715637,3
job_0289,-0.7495933065008963,-0.14032495821952515,0
job_0290,0.48515281956423056,1.7565409084123045,2
job_0291,1.2119439736579152,-0.8160812705429856,1
job_0292,-0.24065686824326965,-0.5450277791315219,3
job_0293,-1.2185473195813838,-0.24297472218918464,0
job_0294,0.3310325566664657,1.4547340088610543,2
job_0295,1.3713089033487418,-0.7314516823278,1
job_0296,-0.8164953233836225,-0.31847501375742915,3
job_0297,-1.0021548038449362,-0.1998043312502636,0
job_0298,0.387206818377666,1.3854358776761242,2
job_0299,1.356105918401403,-0.7037609134790583,1
job_0300,-0.9160384576130284,-0.4885172826316816,3
job_0301,-1.1702759930591353,-0.2610736821011235,0
job_0302,0.4076282945670759,1.3554646372552486,2
job_0303,1.063283501047844,-0.5073399687772281,1
job_0304,-0.7355229931382922,-0.3603041328764035,3
job_0305,-1.1702759930591353,-0.2610736821011235,0
job_0306,0.4076282945670759,1.3554646372552486,2
job_0307,1.3604201779509475,-0.7351846962683745,1
job_0308,-0.9729442215090252,-0.43337911638667626,3
job_0309,-1.386356961820902,-0.3593747557230768,0
job_0310,0.3516584344565551,1.3687189186297863,2
job_0311,1.0829145182027393,-0.523721241001736,1
job_0312,-0.43973224698878044,-0.6138314093229098,3
job_0313,-0.7636979661618971,-0.15612588255253146,0
job_0314,0.2795505605691802,0.9902296495528866,2
job_0315,1.6302215974354852,-0.8634383742158003,1
job_0316,-0.9160384576130284,-0.4885172826316816,3
job_0317,-1.2469652510748375,-0.2067320015857746,0
job_0318,0.4757532411406113,1.7842742134449046,2
job_0319,1.6957954375703046,-0.9604698104333302,1
job_0320,-0.8997439366219643,-0.4995652237699502,3
job_0321,-1.1893279849940444,-0.24771020289085516,0
job_0322,0.04984751377194807,1.6049374513228516,2
job_0323,1.7283210159692435,-0.9256588698810149,1
job_0324,-0.9160384576130284,-0.4885172826316816,3
job_0325,-0.9726965113429977,-0.2251165959571032,0
job_0326,0.5006523747873088,1.7882398251629639,2
job_0327,1.2897094663653619,-1.1168087482244535,1
job_0328,-0.7333100158553959,-0.3969716523086195,3
job_0329,-0.807333035823075,-0.4891075222032972,0
job_0330,0.39023864603497804,1.395349135111726,2
job_0331,0.9880302337641549,-0.9178736301055359,1
job_0332,-0.8287822767655373,-0.32105875932274924,3
job_0333,-1.2122011498816934,-0.26815131762083894,0
job_0334,0.07833534617449128,1.5860420056812563,2
job_0335,1.4197468408005915,-0.7434091156564286,1
job_0336,-0.3984861763542046,-0.6326077977365245,3
job_0337,-0.9668493696312093,-0.20778750502877552,0
job_0338,0.4437466108913121,1.843377991407969,2
job_0339,0.9241066515591811,-0.8682757995937029,1
job_0340,-0.3558295173468501,-0.6113701972768844,3
job_0341,-0.9421891938991107,-0.183245109305547,0
job_0342,0.44068676484148334,1.771680603218247,2
job_0343,1.4104765892274547,-0.7220585087360849,1
job_0344,-0.5881619766760962,-0.7291447329605125,3
job_0345,-1.1644288513473469,-0.2437445911727958,0
job_0346,-0.00455765343732592,1.1396934776808658,2
job_0347,1.0751013296080976,-0.4967733945711289,1
job_0348,0.0844400229065351,-0.6891698011602394,3
job_0349,-0.5314173233881532,-0.5027477188050329,0
job_0350,0.3681185643987421,1.3765980182851194,2
job_0351,1.3621754379870914,-0.6519067896347516,1
job_0352,-0.4112444145862373,-0.6327268549645049,3
job_0353,-0.9421891938991107,-0.183245109305547,0
job_0354,0.46990609942882294,1.7669451225165764,2
job_0355,1.3673151205183924,-0.718499332374043,1
job_0356,-0.7676087279257128,-0.3732039589940789,3
job_0357,-0.9652023969281274,-0.2030431072591825,0
job_0358,0.21389138256114398,1.348579963047174,2
job_0359,1.7214260734017985,-0.9423442337753463,1
job_0360,-0.20038538965351937,-0.5263437708135843,3
job_0361,-1.202801571458074,-0.29588462265343896,0
job_0362,0.7443026339019378,1.1400729466456225,2
job_0363,1.3153401021968558,-1.0986831715664696,1
job_0364,-0.7774481499608502,-0.3673817683961189,3
job_0365,-1.0472876772420252,-0.13759054535891552,0
job_0366,0.11336556042960444,1.5764342773066404,2
job_0367,1.696526939755101,-0.9463098454934056,1
job_0368,-0.7683402301105092,-0.38736392393400354,3
job_0369,-0.9678198297306047,-0.20137068596353108,0
job_0370,0.2539498117623271,1.2838823659642022,2
job_0371,1.6642541964438329,-0.9390176551907894,1
job_0372,-0.7299513560469825,-0.3691192900480391,3
job_0373,-1.1900594871788408,-0.2618701678307799,0
job_0374,0.3506480687779263,0.9659139612575014,2
job_0375,1.687127361331482,-0.9185765404608057,1
job_0376,-0.9160384576130284,-0.4885172826316816,3
job_0377,-1.0594809886535042,-0.12974304085558896,0
job_0378,0.6652552073030886,1.188929963100569,2
job_0379,1.5239221456370977,-0.31925456124924534,1
job_0380,-0.8335213465594831,-0.32158703755908524,3
job_0381,-0.141770001125845,-0.344083853024373,0
job_0382,0.3069459819720375,1.416009580371465,2
job_0383,1.7120264949781794,-0.9146109287427462,1
job_0384,-0.43411926515756394,-0.5853834990952844,3
job_0385,-0.7730189375101854,-0.15597513973024418,0
job_0386,0.34361738009459075,1.0035884348626611,2
job_0387,1.009338750464453,-0.4391210549090363,1
job_0388,-0.49502595417031314,-0.5785486245724851,3
job_0389,-1.2632597720659018,-0.19568406044750591,0
job_0390,0.5127796333885979,1.0945465273902977,2
job_0391,1.4514141174192159,-1.0272504420906383,1
job_0392,-0.8817397455427117,-0.5122849759462222,3
job_0393,-0.8386215914050691,-0.4982668000270196,0
job_0394,0.49396412127415246,1.070573774079313,2
job_0395,1.7120264949781794,-0.9146109287427462,1
job_0396,-0.2346841017238362,-0.5025760774990436,3
job_0397,-0.9799345340667527,-0.22110574367051722,0
job_0398,0.41513777968167553,1.3993147468297853,2
job_0399,0.5932623871842782,-0.4310785414027105,1
