job_id,cluster
job_0000,3
job_0001,0
job_0002,2
job_0003,1
job_0004,3
job_0005,0
job_0006,2
job_0007,1
job_0008,3
job_0009,0
job_0010,2
job_0011,1
job_0012,3
job_0013,0
job_0014,2
job_0015,1
job_0016,3
job_0017,0
job_0018,2
job_0019,1
job_0020,3
job_0021,0
job_0022,2
job_0023,1
job_0024,3
job_0025,0
job_0026,2
job_0027,1
job_0028,3
job_0029,0
job_0030,2
job_0031,1
job_0032,3
job_0033,3
job_0034,2
job_0035,1
job_0036,3
job_0037,0
job_0038,2
job_0039,1
job_0040,3
job_0041,0
job_0042,2
job_0043,1
job_0044,3
job_0045,0
job_0046,2
job_0047,1
job_0048,3
job_0049,0
job_0050,2
job_0051,1
job_0052,3
job_0053,0
job_0054,2
job_0055,1
job_0056,3
job_0057,0
job_0058,2
job_0059,1
job_0060,3
job_0061,0
job_0062,2
job_0063,1
job_0064,3
job_0065,0
job_0066,2
job_0067,1
job_0068,3
job_0069,0
job_0070,2
job_0071,1
job_0072,3
job_0073,0
job_0074,2
job_0075,1
job_0076,3
job_0077,0
job_0078,2
job_0079,1
job_0080,3
job_0081,0
job_0082,2
job_0083,1
job_0084,3
job_0085,0
job_0086,2
job_0087,1
job_0088,3
job_0089,0
job_0090,2
job_0091,1
job_0092,3
job_0093,0
job_0094,2
job_0095,1
job_0096,3
job_0097,0
job_0098,2
job_0099,1
job_0100,3
job_0101,0
job_0102,2
job_0103,1
job_0104,3
job_0105,0
job_0106,2
job_0107,1
job_0108,3
job_0109,0
job_0110,2
job_0111,1
job_0112,3
job_0113,0
job_0114,2
job_0115,1
job_0116,3
job_0117,0
job_0118,2
job_0119,1
job_0120,3
job_0121,0
job_0122,2
job_0123,1
job_0124,3
job_0125,0
job_0126,2
job_0127,1
job_0128,3
job_0129,0
job_0130,2
job_0131,1
job_0132,3
job_0133,0
job_0134,2
job_0135,1
job_0136,3
job_0137,0
job_0138,2
job_0139,1
job_0140,3
job_0141,0
job_0142,2
job_0143,1
job_0144,3
job_0145,0
job_0146,2
job_0147,1
job_0148,3
job_0149,0
job_0150,2
job_0151,1
job_0152,3
job_0153,0
job_0154,2
job_0155,1
job_0156,3
job_0157,0
job_0158,2
job_0159,1
job_0160,3
job_0161,0
job_0162,2
job_0163,1
job_0164,3
job_0165,0
job_0166,2
job_0167,1
job_0168,3
job_0169,0
job_0170,2
job_0171,1
job_0172,3
job_0173,0
job_0174,2
job_0175,1
job_0176,3
job_0177,0
job_0178,2
job_0179,1
job_0180,3
job_0181,0
job_0182,2
job_0183,1
job_0184,3
job_0185,0
job_0186,2
job_0187,1
job_0188,3
job_0189,0
job_0190,2
job_0191,1
job_0192,3
job_0193,0
job_0194,2
job_0195,1
job_0196,3
job_0197,0
job_0198,2
job_0199,1
job_0200,3
job_0201,0
job_0202,2
job_0203,1
job_0204,3
job_0205,0
job_0206,2
job_0207,1
job_0208,3
job_0209,0
job_0210,2
job_0211,1
job_0212,3
job_0213,0
job_0214,2
job_0215,1
job_0216,3
job_0217,0
job_0218,2
job_0219,1
job_0220,3
job_0221,0
job_0222,2
job_0223,1
job_0224,3
job_0225,0
job_0226,2
job_0227,1
job_0228,3
job_0229,0
job_0230,2
job_0231,1
job_0232,3
job_0233,0
job_0234,2
job_0235,1
job_0236,3
job_0237,0
job_0238,2
job_0239,1
job_0240,3
job_0241,0
job_0242,2
job_0243,1
job_0244,3
job_0245,0
job_0246,2
job_0247,1
job_0248,3
job_0249,0
job_0250,2
job_0251,1
job_0252,3
job_0253,0
job_0254,2
job_0255,1
job_0256,3
job_0257,0
job_0258,2
job_0259,1
job_0260,3
job_0261,0
job_0262,2
job_0263,1
job_0264,3
job_0265,0
job_0266,2
job_0267,1
job_0268,3
job_0269,0
job_0270,2
job_0271,1
job_0272,3
job_0273,0
job_0274,2
job_0275,1
job_0276,3
job_0277,0
job_0278,2
job_0279,1
job_0280,3
job_0281,0
job_0282,2
job_0283,1
job_0284,3
job_0285,0
job_0286,2
job_0287,1
job_0288,3
job_0289,0
job_0290,2
job_0291,1
job_0292,3
job_0293,0
job_0294,2
job_0295,1
job_0296,3
job_0297,0
job_0298,2
job_0299,1
job_0300,3
job_0301,0
job_0302,2
job_0303,1
job_0304,3
job_0305,0
job_0306,2
job_0307,1
job_0308,3
job_0309,0
job_0310,2
job_0311,1
job_0312,3
job_0313,0
job_0314,2
job_0315,1
job_0316,3
job_0317,0
job_0318,2
job_0319,1
job_0320,3
job_0321,0
job_0322,2
job_0323,1
job_0324,3
job_0325,0
job_0326,2
job_0327,1
job_0328,3
job_0329,0
job_0330,2
job_0331,1
job_0332,3
job_0333,0
job_0334,2
job_0335,1
job_0336,3
job_0337,0
job_0338,2
job_0339,1
job_0340,3
job_0341,0
job_0342,2
job_0343,1
job_0344,3
job_0345,0
job_0346,2
job_0347,1
job_0348,3
job_0349,0
job_0350,2
job_0351,1
job_0352,3
job_0353,0
job_0354,2
job_0355,1
job_0356,3
job_0357,0
job_0358,2
job_0359,1
job_0360,3
job_0361,0
job_0362,2
job_0363,1
job_0364,3
job_0365,0
job_0366,2
job_0367,1
job_0368,3
job_0369,0
job_0370,2
job_0371,1
job_0372,3
job_0373,0
job_0374,2
job_0375,1
job_0376,3
job_0377,0
job_0378,2
job_0379,1
job_0380,3
job_0381,0
job_0382,2
job_0383,1
job_0384,3
job_0385,0
job_0386,2
job_0387,1
job_0388,3
job_0389,0
job_0390,2
job_0391,1
job_0392,3
job_0393,0
job_0394,2
job_0395,1
job_0396,3
job_0397,0
job_0398,2
job_0399,1
